Date,Sentiment
2017-12-31 00:00:00+00:00,35.313018353174634
2018-01-01 00:00:00+00:00,26.827751322751325
2018-01-02 00:00:00+00:00,33.285256132756146
2018-01-03 00:00:00+00:00,24.554370857007516
2018-01-04 00:00:00+00:00,20.73611411736411
2018-01-05 00:00:00+00:00,25.382816783910545
2018-01-06 00:00:00+00:00,24.84994028293136
2018-01-07 00:00:00+00:00,36.84696233164984
2018-01-08 00:00:00+00:00,24.16805082070707
2018-01-09 00:00:00+00:00,19.29704923467375
2018-01-10 00:00:00+00:00,17.851494408369405
2018-01-11 00:00:00+00:00,32.75593020983645
2018-01-12 00:00:00+00:00,22.3678996212121
2018-01-13 00:00:00+00:00,21.52599633800805
2018-01-14 00:00:00+00:00,29.739493743638548
2018-01-15 00:00:00+00:00,32.13816770035521
2018-01-16 00:00:00+00:00,20.69854271885523
2018-01-17 00:00:00+00:00,26.54276485088985
2018-01-18 00:00:00+00:00,34.21737486471861
2018-01-19 00:00:00+00:00,29.938570378034658
2018-01-20 00:00:00+00:00,34.44247433411493
2018-01-21 00:00:00+00:00,29.224597402597393
2018-01-22 00:00:00+00:00,24.676892849627237
2018-01-23 00:00:00+00:00,29.245251322751308
2018-01-24 00:00:00+00:00,28.303699425574433
2018-01-25 00:00:00+00:00,23.111754374098126
2018-01-26 00:00:00+00:00,32.97137851731601
2018-01-27 00:00:00+00:00,23.993812250910477
2018-01-28 00:00:00+00:00,32.09375992063491
2018-01-29 00:00:00+00:00,27.327871591660646
2018-01-30 00:00:00+00:00,23.552846776920997
2018-01-31 00:00:00+00:00,28.19385999879749
2018-02-01 00:00:00+00:00,19.55625210437711
2018-02-02 00:00:00+00:00,30.707879840067353
2018-02-03 00:00:00+00:00,16.883933080808088
2018-02-04 00:00:00+00:00,27.40554043973967
2018-02-05 00:00:00+00:00,21.885838421416544
2018-02-06 00:00:00+00:00,14.755874105639734
2018-02-07 00:00:00+00:00,23.127151594065662
2018-02-08 00:00:00+00:00,28.31222199675324
2018-02-09 00:00:00+00:00,23.887832620421896
2018-02-10 00:00:00+00:00,24.519070630974927
2018-02-11 00:00:00+00:00,36.413091029341054
2018-02-12 00:00:00+00:00,22.839625818130273
2018-02-13 00:00:00+00:00,10.933929755140694
2018-02-14 00:00:00+00:00,34.97766384078884
2018-02-15 00:00:00+00:00,35.43729521404521
2018-02-16 00:00:00+00:00,34.651754374098125
2018-02-17 00:00:00+00:00,18.28839364628427
2018-02-18 00:00:00+00:00,27.97052060786435
2018-02-19 00:00:00+00:00,30.338272237022252
2018-02-20 00:00:00+00:00,19.802074555074547
2018-02-21 00:00:00+00:00,19.183538239538237
2018-02-22 00:00:00+00:00,21.50937560125061
2018-02-23 00:00:00+00:00,22.81998556998556
2018-02-24 00:00:00+00:00,24.151151225799666
2018-02-25 00:00:00+00:00,21.634412202380986
2018-02-26 00:00:00+00:00,25.789522005772014
2018-02-27 00:00:00+00:00,30.03345869408369
2018-02-28 00:00:00+00:00,14.790930886243393
2018-03-01 00:00:00+00:00,23.288784271284285
2018-03-02 00:00:00+00:00,24.94385597041846
2018-03-03 00:00:00+00:00,22.924750631313128
2018-03-04 00:00:00+00:00,26.70208184523809
2018-03-05 00:00:00+00:00,20.551292087542084
2018-03-06 00:00:00+00:00,24.03546401515151
2018-03-07 00:00:00+00:00,23.98397691197691
2018-03-08 00:00:00+00:00,25.96522787397788
2018-03-09 00:00:00+00:00,5.155526394901399
2018-03-10 00:00:00+00:00,19.560566077441077
2018-03-11 00:00:00+00:00,25.249618262088646
2018-03-12 00:00:00+00:00,23.718744288119282
2018-03-13 00:00:00+00:00,22.966041666666666
2018-03-14 00:00:00+00:00,15.19916503635254
2018-03-15 00:00:00+00:00,31.553738989598365
2018-03-16 00:00:00+00:00,29.882444854046422
2018-03-17 00:00:00+00:00,27.499188537157288
2018-03-18 00:00:00+00:00,18.66608647862553
2018-03-19 00:00:00+00:00,41.12666707895278
2018-03-20 00:00:00+00:00,25.219141188672427
2018-03-21 00:00:00+00:00,24.873025192400192
2018-03-22 00:00:00+00:00,25.243820539579467
2018-03-23 00:00:00+00:00,19.375117868242867
2018-03-24 00:00:00+00:00,26.009330582611828
2018-03-25 00:00:00+00:00,31.47214015151516
2018-03-26 00:00:00+00:00,27.221149290524306
2018-03-27 00:00:00+00:00,14.714972099659601
2018-03-28 00:00:00+00:00,22.29526325526325
2018-03-29 00:00:00+00:00,33.209061771561785
2018-03-30 00:00:00+00:00,27.121666441197704
2018-03-31 00:00:00+00:00,20.35909673370611
2018-04-01 00:00:00+00:00,22.190330236892738
2018-04-02 00:00:00+00:00,24.63688347119152
2018-04-03 00:00:00+00:00,15.265186242329099
2018-04-04 00:00:00+00:00,20.452718291546415
2018-04-05 00:00:00+00:00,7.976856060606061
2018-04-06 00:00:00+00:00,10.881200136283466
2018-04-07 00:00:00+00:00,10.070103021978019
2018-04-08 00:00:00+00:00,13.235160338504091
2018-04-09 00:00:00+00:00,21.09251728595478
2018-04-10 00:00:00+00:00,10.652158113876864
2018-04-11 00:00:00+00:00,21.42970147907647
2018-04-12 00:00:00+00:00,22.89870557616987
2018-04-13 00:00:00+00:00,14.54636536965639
2018-04-14 00:00:00+00:00,14.949819512085144
2018-04-15 00:00:00+00:00,18.61353219696969
2018-04-16 00:00:00+00:00,19.08695921266235
2018-04-17 00:00:00+00:00,17.780055841149593
2018-04-18 00:00:00+00:00,27.11828487253489
2018-04-19 00:00:00+00:00,12.826105925324686
2018-04-20 00:00:00+00:00,25.657111231361238
2018-04-21 00:00:00+00:00,20.20238095238096
2018-04-22 00:00:00+00:00,14.588348439754693
2018-04-23 00:00:00+00:00,18.416430074555077
2018-04-24 00:00:00+00:00,23.864403679653684
2018-04-25 00:00:00+00:00,26.080308441558447
2018-04-26 00:00:00+00:00,25.58508993957431
2018-04-27 00:00:00+00:00,19.185506328162585
2018-04-28 00:00:00+00:00,19.01818642700925
2018-04-29 00:00:00+00:00,10.314976757906443
2018-04-30 00:00:00+00:00,11.521248737373734
2018-05-01 00:00:00+00:00,27.71060234036796
2018-05-02 00:00:00+00:00,14.554333513708515
2018-05-03 00:00:00+00:00,22.79297623528093
2018-05-04 00:00:00+00:00,7.848709641053393
2018-05-05 00:00:00+00:00,18.58939303751805
2018-05-06 00:00:00+00:00,19.44081412337661
2018-05-07 00:00:00+00:00,13.136801346801345
2018-05-08 00:00:00+00:00,12.232402822871572
2018-05-09 00:00:00+00:00,21.05431547619048
2018-05-10 00:00:00+00:00,14.382089968563184
2018-05-11 00:00:00+00:00,23.823276193052987
2018-05-12 00:00:00+00:00,16.23093075096201
2018-05-13 00:00:00+00:00,14.331258116883113
2018-05-14 00:00:00+00:00,6.91604603317786
2018-05-15 00:00:00+00:00,24.652699765512267
2018-05-16 00:00:00+00:00,13.92312736742424
2018-05-17 00:00:00+00:00,9.23826226898102
2018-05-18 00:00:00+00:00,19.910977520743142
2018-05-19 00:00:00+00:00,16.915354625120248
2018-05-20 00:00:00+00:00,19.10652056277057
2018-05-21 00:00:00+00:00,14.13001458032708
2018-05-22 00:00:00+00:00,19.438536384250675
2018-05-23 00:00:00+00:00,19.61491612554113
2018-05-24 00:00:00+00:00,20.849972943722943
2018-05-25 00:00:00+00:00,22.188777206589712
2018-05-26 00:00:00+00:00,14.81674062049062
2018-05-27 00:00:00+00:00,17.281141436688312
2018-05-28 00:00:00+00:00,10.8926455026455
2018-05-29 00:00:00+00:00,21.423628863035105
2018-05-30 00:00:00+00:00,17.740429292929303
2018-05-31 00:00:00+00:00,16.958523253367012
2018-06-01 00:00:00+00:00,19.855891654641653
2018-06-02 00:00:00+00:00,21.03578388047139
2018-06-03 00:00:00+00:00,17.748575825216452
2018-06-04 00:00:00+00:00,19.131609807490484
2018-06-05 00:00:00+00:00,19.630945744070747
2018-06-06 00:00:00+00:00,21.73908284052258
2018-06-07 00:00:00+00:00,14.234546025733525
2018-06-08 00:00:00+00:00,16.007496392496392
2018-06-09 00:00:00+00:00,18.494427308802322
2018-06-10 00:00:00+00:00,20.372247035372048
2018-06-11 00:00:00+00:00,15.050926320203052
2018-06-12 00:00:00+00:00,25.18833483645984
2018-06-13 00:00:00+00:00,18.169114162457923
2018-06-14 00:00:00+00:00,19.23371497715248
2018-06-15 00:00:00+00:00,20.253617273929773
2018-06-16 00:00:00+00:00,67.14269023569025
2018-06-17 00:00:00+00:00,121.37080221861471
2018-06-18 00:00:00+00:00,15.735361764971136
2018-06-19 00:00:00+00:00,16.617444534632043
2018-06-20 00:00:00+00:00,112.54633857709749
2018-06-21 00:00:00+00:00,15.259302248677251
2018-06-22 00:00:00+00:00,7.587850228475231
2018-06-23 00:00:00+00:00,8.23728334578781
2018-06-24 00:00:00+00:00,53.3228455988456
2018-06-25 00:00:00+00:00,20.67885009145947
2018-06-26 00:00:00+00:00,17.763622249278495
2018-06-27 00:00:00+00:00,19.377428578944212
2018-06-28 00:00:00+00:00,14.321532244210815
2018-06-29 00:00:00+00:00,16.55997476250601
2018-06-30 00:00:00+00:00,13.999759349446855
2018-07-01 00:00:00+00:00,22.160790644540647
2018-07-02 00:00:00+00:00,14.853427654521408
2018-07-03 00:00:00+00:00,13.381222041847046
2018-07-04 00:00:00+00:00,17.361565731721996
2018-07-05 00:00:00+00:00,15.088743686868687
2018-07-06 00:00:00+00:00,16.248607052669563
2018-07-07 00:00:00+00:00,9.113911435786433
2018-07-08 00:00:00+00:00,2.987591390091388
2018-07-09 00:00:00+00:00,11.196309974747477
2018-07-10 00:00:00+00:00,22.37962351190475
2018-07-11 00:00:00+00:00,18.105670882936508
2018-07-12 00:00:00+00:00,14.032965555856187
2018-07-13 00:00:00+00:00,16.131181457431463
2018-07-14 00:00:00+00:00,20.32604797979797
2018-07-15 00:00:00+00:00,16.951863077153607
2018-07-16 00:00:00+00:00,14.273522177692106
2018-07-17 00:00:00+00:00,23.596465428090426
2018-07-18 00:00:00+00:00,15.728659039373325
2018-07-19 00:00:00+00:00,18.203942700817706
2018-07-20 00:00:00+00:00,19.537524951899954
2018-07-21 00:00:00+00:00,19.620388032106767
2018-07-22 00:00:00+00:00,21.88997744153994
2018-07-23 00:00:00+00:00,10.490341660654162
2018-07-24 00:00:00+00:00,18.1485022659632
2018-07-25 00:00:00+00:00,19.54617935305436
2018-07-26 00:00:00+00:00,17.764273589065255
2018-07-27 00:00:00+00:00,20.85324014430785
2018-07-28 00:00:00+00:00,22.358403679653676
2018-07-29 00:00:00+00:00,26.222016594516603
2018-07-30 00:00:00+00:00,17.210557359307348
2018-07-31 00:00:00+00:00,20.842275838744584
2018-08-01 00:00:00+00:00,26.91858878968256
2018-08-02 00:00:00+00:00,22.277263459424177
2018-08-03 00:00:00+00:00,22.947962121212125
2018-08-04 00:00:00+00:00,21.879937732984608
2018-08-05 00:00:00+00:00,26.8922185395623
2018-08-06 00:00:00+00:00,22.405727422805057
2018-08-07 00:00:00+00:00,24.52046253081409
2018-08-08 00:00:00+00:00,18.528878646155427
2018-08-09 00:00:00+00:00,23.913988076449
2018-08-10 00:00:00+00:00,17.926444354256862
2018-08-11 00:00:00+00:00,7.967518245643243
2018-08-12 00:00:00+00:00,21.91295401936027
2018-08-13 00:00:00+00:00,22.059099416786925
2018-08-14 00:00:00+00:00,16.077153754810006
2018-08-15 00:00:00+00:00,16.571363636363646
2018-08-16 00:00:00+00:00,13.362270193430907
2018-08-17 00:00:00+00:00,14.34845689033189
2018-08-18 00:00:00+00:00,12.511780195498948
2018-08-19 00:00:00+00:00,36.360110930735935
2018-08-20 00:00:00+00:00,14.732594246031747
2018-08-21 00:00:00+00:00,15.657318422318413
2018-08-22 00:00:00+00:00,10.701372560282529
2018-08-23 00:00:00+00:00,17.438841687826063
2018-08-24 00:00:00+00:00,20.38069234006733
2018-08-25 00:00:00+00:00,10.420167786495911
2018-08-26 00:00:00+00:00,19.302725794652872
2018-08-27 00:00:00+00:00,19.59557119963371
2018-08-28 00:00:00+00:00,19.76856268037517
2018-08-29 00:00:00+00:00,25.98655272967773
2018-08-30 00:00:00+00:00,15.575762566137564
2018-08-31 00:00:00+00:00,20.562359138257577
2018-09-01 00:00:00+00:00,12.201001194985574
2018-09-02 00:00:00+00:00,15.533694609788366
2018-09-03 00:00:00+00:00,13.03387981000481
2018-09-04 00:00:00+00:00,27.390949788059157
2018-09-05 00:00:00+00:00,22.18761937830688
2018-09-06 00:00:00+00:00,11.193825306637805
2018-09-07 00:00:00+00:00,19.410470929533442
2018-09-08 00:00:00+00:00,13.7851854429479
2018-09-09 00:00:00+00:00,10.436074439521704
2018-09-10 00:00:00+00:00,24.998426113816727
2018-09-11 00:00:00+00:00,13.050163780663786
2018-09-12 00:00:00+00:00,18.30179022366522
2018-09-13 00:00:00+00:00,17.04873985389611
2018-09-14 00:00:00+00:00,18.8292766955267
2018-09-15 00:00:00+00:00,16.899191994348243
2018-09-16 00:00:00+00:00,14.229444444444447
2018-09-17 00:00:00+00:00,15.566097489027172
2018-09-18 00:00:00+00:00,9.32431195887446
2018-09-19 00:00:00+00:00,24.53550520081769
2018-09-20 00:00:00+00:00,15.714558621933627
2018-09-21 00:00:00+00:00,28.591931968494467
2018-09-22 00:00:00+00:00,14.176584423100048
2018-09-23 00:00:00+00:00,17.795254779942287
2018-09-24 00:00:00+00:00,17.099967757936522
2018-09-25 00:00:00+00:00,19.935832972582972
2018-09-26 00:00:00+00:00,20.215113531144787
2018-09-27 00:00:00+00:00,13.832725619288116
2018-09-28 00:00:00+00:00,16.805272366522367
2018-09-29 00:00:00+00:00,13.59914420995671
2018-09-30 00:00:00+00:00,9.253881538600288
2018-10-01 00:00:00+00:00,29.2551948051948
2018-10-02 00:00:00+00:00,17.281306893338147
2018-10-03 00:00:00+00:00,28.096156655844158
2018-10-04 00:00:00+00:00,20.438323412698413
2018-10-05 00:00:00+00:00,21.151468984058262
2018-10-06 00:00:00+00:00,16.107908790283794
2018-10-07 00:00:00+00:00,14.168230068542568
2018-10-08 00:00:00+00:00,15.994108495671005
2018-10-09 00:00:00+00:00,13.209314273689275
2018-10-10 00:00:00+00:00,17.16041526016972
2018-10-11 00:00:00+00:00,10.888299362674363
2018-10-12 00:00:00+00:00,14.943459595959597
2018-10-13 00:00:00+00:00,14.233519981176231
2018-10-14 00:00:00+00:00,20.559192219817227
2018-10-15 00:00:00+00:00,27.54637299332611
2018-10-16 00:00:00+00:00,15.332972056878296
2018-10-17 00:00:00+00:00,25.62348027898027
2018-10-18 00:00:00+00:00,10.180658970658966
2018-10-19 00:00:00+00:00,23.544872685185183
2018-10-20 00:00:00+00:00,13.117491027491033
2018-10-21 00:00:00+00:00,18.544561537999037
2018-10-22 00:00:00+00:00,17.439707792207788
2018-10-23 00:00:00+00:00,13.647340424332619
2018-10-24 00:00:00+00:00,18.142679924242426
2018-10-25 00:00:00+00:00,19.155438062732983
2018-10-26 00:00:00+00:00,10.187235900673398
2018-10-27 00:00:00+00:00,13.818979978354974
2018-10-28 00:00:00+00:00,26.41246753246753
2018-10-29 00:00:00+00:00,21.86113275613276
2018-10-30 00:00:00+00:00,25.15547913660413
2018-10-31 00:00:00+00:00,32.37960963804715
2018-11-01 00:00:00+00:00,25.272046844937467
2018-11-02 00:00:00+00:00,23.836609698172204
2018-11-03 00:00:00+00:00,24.267457611832622
2018-11-04 00:00:00+00:00,18.56732563732564
2018-11-05 00:00:00+00:00,25.766654551467067
2018-11-06 00:00:00+00:00,22.13131337181335
2018-11-07 00:00:00+00:00,29.80593914592351
2018-11-08 00:00:00+00:00,32.245315581409315
2018-11-09 00:00:00+00:00,19.7373566017316
2018-11-10 00:00:00+00:00,5.923574134199134
2018-11-11 00:00:00+00:00,23.281263656977934
2018-11-12 00:00:00+00:00,17.493070182855348
2018-11-13 00:00:00+00:00,23.681873099123102
2018-11-14 00:00:00+00:00,11.636267367821493
2018-11-15 00:00:00+00:00,25.614224236411754
2018-11-16 00:00:00+00:00,29.47488959535834
2018-11-17 00:00:00+00:00,23.267200577200565
2018-11-18 00:00:00+00:00,26.637945977633485
2018-11-19 00:00:00+00:00,21.9706185150828
2018-11-20 00:00:00+00:00,21.0452717223253
2018-11-21 00:00:00+00:00,18.961907467532466
2018-11-22 00:00:00+00:00,19.952629731379727
2018-11-23 00:00:00+00:00,30.335808802308808
2018-11-24 00:00:00+00:00,24.52052631974506
2018-11-25 00:00:00+00:00,20.98712512025013
2018-11-26 00:00:00+00:00,22.684882660742026
2018-11-27 00:00:00+00:00,19.310003231721986
2018-11-28 00:00:00+00:00,18.27119979722658
2018-11-29 00:00:00+00:00,18.427023110569987
2018-11-30 00:00:00+00:00,23.51036979686979
2018-12-01 00:00:00+00:00,19.770203823953818
2018-12-02 00:00:00+00:00,27.54235975829725
2018-12-03 00:00:00+00:00,17.293895051707548
2018-12-04 00:00:00+00:00,24.08371975709476
2018-12-05 00:00:00+00:00,18.436574013949016
2018-12-06 00:00:00+00:00,17.886954906204924
2018-12-07 00:00:00+00:00,21.175208934583942
2018-12-08 00:00:00+00:00,32.10190185442863
2018-12-09 00:00:00+00:00,16.238776455026454
2018-12-10 00:00:00+00:00,28.291721651034145
2018-12-11 00:00:00+00:00,28.101951298701294
2018-12-12 00:00:00+00:00,23.534268177809853
2018-12-13 00:00:00+00:00,30.66131192881194
2018-12-14 00:00:00+00:00,31.685026595318266
2018-12-15 00:00:00+00:00,25.236781422322704
2018-12-16 00:00:00+00:00,25.554425505050503
2018-12-17 00:00:00+00:00,34.98936081048582
2018-12-18 00:00:00+00:00,20.36340866815476
2018-12-19 00:00:00+00:00,26.086827441077446
2018-12-20 00:00:00+00:00,21.132309403559407
2018-12-21 00:00:00+00:00,20.198635123557004
2018-12-22 00:00:00+00:00,18.352504484490076
2018-12-23 00:00:00+00:00,20.93848920755171
2018-12-24 00:00:00+00:00,33.83861898518147
2018-12-25 00:00:00+00:00,12.627406505531507
2018-12-26 00:00:00+00:00,18.13667207792208
2018-12-27 00:00:00+00:00,26.550934343434356
2018-12-28 00:00:00+00:00,23.127254449254448
2018-12-29 00:00:00+00:00,31.91110245310245
2018-12-30 00:00:00+00:00,17.95588323713324
2018-12-31 00:00:00+00:00,35.75968430585618
2019-01-01 00:00:00+00:00,25.60424302549303
2019-01-02 00:00:00+00:00,37.125064258658014
2019-01-03 00:00:00+00:00,47.35339969636843
2019-01-04 00:00:00+00:00,25.908453489508176
2019-01-05 00:00:00+00:00,24.436737914862924
2019-01-06 00:00:00+00:00,16.978555194805196
2019-01-07 00:00:00+00:00,27.92109961219337
2019-01-08 00:00:00+00:00,21.660382677218603
2019-01-09 00:00:00+00:00,21.453707311207324
2019-01-10 00:00:00+00:00,29.176476821789326
2019-01-11 00:00:00+00:00,23.616978623228633
2019-01-12 00:00:00+00:00,24.311238876863875
2019-01-13 00:00:00+00:00,21.221767676767687
2019-01-14 00:00:00+00:00,25.44928736772487
2019-01-15 00:00:00+00:00,19.93766406267894
2019-01-16 00:00:00+00:00,19.97145111832612
2019-01-17 00:00:00+00:00,28.76383748196248
2019-01-18 00:00:00+00:00,19.690476130351133
2019-01-19 00:00:00+00:00,20.312527037487985
2019-01-20 00:00:00+00:00,23.524767316017307
2019-01-21 00:00:00+00:00,15.270856782106788
2019-01-22 00:00:00+00:00,11.361599927849928
2019-01-23 00:00:00+00:00,20.647737174573113
2019-01-24 00:00:00+00:00,25.512475799663292
2019-01-25 00:00:00+00:00,23.12684275793651
2019-01-26 00:00:00+00:00,23.92990241702741
2019-01-27 00:00:00+00:00,17.246329740860993
2019-01-28 00:00:00+00:00,12.364897186147195
2019-01-29 00:00:00+00:00,13.00046575448361
2019-01-30 00:00:00+00:00,28.342289411976914
2019-01-31 00:00:00+00:00,22.65331142467739
2019-02-01 00:00:00+00:00,21.160040388891705
2019-02-02 00:00:00+00:00,28.50316798710547
2019-02-03 00:00:00+00:00,20.869519450456945
2019-02-04 00:00:00+00:00,20.500800565175567
2019-02-05 00:00:00+00:00,26.94240885040885
2019-02-06 00:00:00+00:00,25.09001112313613
2019-02-07 00:00:00+00:00,17.566972402597404
2019-02-08 00:00:00+00:00,28.61148704304955
2019-02-09 00:00:00+00:00,29.87538459370491
2019-02-10 00:00:00+00:00,26.229765806448835
2019-02-11 00:00:00+00:00,21.882858270202032
2019-02-12 00:00:00+00:00,24.43828523328523
2019-02-13 00:00:00+00:00,24.89336023929774
2019-02-14 00:00:00+00:00,28.0796403018278
2019-02-15 00:00:00+00:00,12.204560425685427
2019-02-16 00:00:00+00:00,26.87842547498797
2019-02-17 00:00:00+00:00,26.108572388259894
2019-02-18 00:00:00+00:00,19.775202170514667
2019-02-19 00:00:00+00:00,17.688688311688303
2019-02-20 00:00:00+00:00,22.302625749449486
2019-02-21 00:00:00+00:00,26.13423190235691
2019-02-22 00:00:00+00:00,18.43165313852814
2019-02-23 00:00:00+00:00,27.268472673160183
2019-02-24 00:00:00+00:00,21.5346893037518
2019-02-25 00:00:00+00:00,19.335330199314576
2019-02-26 00:00:00+00:00,19.99176497113998
2019-02-27 00:00:00+00:00,22.543048566017323
2019-02-28 00:00:00+00:00,24.80743596681097
2019-03-01 00:00:00+00:00,24.35683518217893
2019-03-02 00:00:00+00:00,34.87723033910533
2019-03-03 00:00:00+00:00,22.17614775040678
2019-03-04 00:00:00+00:00,32.00696121933622
2019-03-05 00:00:00+00:00,25.44600399455869
2019-03-06 00:00:00+00:00,28.25608955627706
2019-03-07 00:00:00+00:00,20.21170716089466
2019-03-08 00:00:00+00:00,24.950712915721844
2019-03-09 00:00:00+00:00,24.16427805672336
2019-03-10 00:00:00+00:00,29.973743085618075
2019-03-11 00:00:00+00:00,24.50406445406445
2019-03-12 00:00:00+00:00,41.696898298460795
2019-03-13 00:00:00+00:00,26.585988906926406
2019-03-14 00:00:00+00:00,26.46178421115922
2019-03-15 00:00:00+00:00,15.993079906204903
2019-03-16 00:00:00+00:00,16.964546957671963
2019-03-17 00:00:00+00:00,21.747125345719105
2019-03-18 00:00:00+00:00,17.6806256914382
2019-03-19 00:00:00+00:00,20.96076952561328
2019-03-20 00:00:00+00:00,25.66281807313057
2019-03-21 00:00:00+00:00,16.609990379990393
2019-03-22 00:00:00+00:00,10.765897186147187
2019-03-23 00:00:00+00:00,15.382767556517566
2019-03-24 00:00:00+00:00,20.165693542568548
2019-03-25 00:00:00+00:00,23.96713203463204
2019-03-26 00:00:00+00:00,22.159518668831183
2019-03-27 00:00:00+00:00,25.856197449623775
2019-03-28 00:00:00+00:00,23.605483048490857
2019-03-29 00:00:00+00:00,19.703552940115443
2019-03-30 00:00:00+00:00,14.210772005772009
2019-03-31 00:00:00+00:00,17.959249939874944
2019-04-01 00:00:00+00:00,26.124797679172676
2019-04-02 00:00:00+00:00,23.306369949494933
2019-04-03 00:00:00+00:00,19.567941329503824
2019-04-04 00:00:00+00:00,19.81218163780664
2019-04-05 00:00:00+00:00,24.12393578643579
2019-04-06 00:00:00+00:00,23.44642224596691
2019-04-07 00:00:00+00:00,29.662729677729693
2019-04-08 00:00:00+00:00,30.717227813852816
2019-04-09 00:00:00+00:00,25.630436507936512
2019-04-10 00:00:00+00:00,25.89767015392014
2019-04-11 00:00:00+00:00,27.94224606180857
2019-04-12 00:00:00+00:00,28.116447360509852
2019-04-13 00:00:00+00:00,28.131928371727486
2019-04-14 00:00:00+00:00,30.677851851851848
2019-04-15 00:00:00+00:00,22.66132423297601
2019-04-16 00:00:00+00:00,22.97281776094276
2019-04-17 00:00:00+00:00,29.14595384650072
2019-04-18 00:00:00+00:00,25.757681277056278
2019-04-19 00:00:00+00:00,21.850458131484913
2019-04-20 00:00:00+00:00,26.540270202020196
2019-04-21 00:00:00+00:00,16.212470388407887
2019-04-22 00:00:00+00:00,22.28706497264309
2019-04-23 00:00:00+00:00,21.441498932780195
2019-04-24 00:00:00+00:00,20.626063011063007
2019-04-25 00:00:00+00:00,22.465227573352564
2019-04-26 00:00:00+00:00,22.76478056665557
2019-04-27 00:00:00+00:00,23.253285834535827
2019-04-28 00:00:00+00:00,15.166684835708274
2019-04-29 00:00:00+00:00,20.056713955026453
2019-04-30 00:00:00+00:00,24.482652245241532
2019-05-01 00:00:00+00:00,18.324222582972578
2019-05-02 00:00:00+00:00,18.803265392015387
2019-05-03 00:00:00+00:00,23.235814844877343
2019-05-04 00:00:00+00:00,22.344395571359854
2019-05-05 00:00:00+00:00,23.735316107503603
2019-05-06 00:00:00+00:00,27.341265933140946
2019-05-07 00:00:00+00:00,20.194479166666685
2019-05-08 00:00:00+00:00,23.289026620205192
2019-05-09 00:00:00+00:00,23.575993957431464
2019-05-10 00:00:00+00:00,39.27047075366762
2019-05-11 00:00:00+00:00,22.8080828373016
2019-05-12 00:00:00+00:00,19.791793921356422
2019-05-13 00:00:00+00:00,15.316604523122384
2019-05-14 00:00:00+00:00,23.20899485930736
2019-05-15 00:00:00+00:00,26.675658519721022
2019-05-16 00:00:00+00:00,21.56442722362513
2019-05-17 00:00:00+00:00,33.4329776430167
2019-05-18 00:00:00+00:00,20.18679856601732
2019-05-19 00:00:00+00:00,38.27430252675563
2019-05-20 00:00:00+00:00,23.742371482683982
2019-05-21 00:00:00+00:00,18.429695165945173
2019-05-22 00:00:00+00:00,25.041238331980523
2019-05-23 00:00:00+00:00,25.738319895382404
2019-05-24 00:00:00+00:00,27.37595652033152
2019-05-25 00:00:00+00:00,29.57322841510341
2019-05-26 00:00:00+00:00,22.368844997594994
2019-05-27 00:00:00+00:00,21.692700667388177
2019-05-28 00:00:00+00:00,19.26867572407751
2019-05-29 00:00:00+00:00,28.11021126443002
2019-05-30 00:00:00+00:00,22.30025447931698
2019-05-31 00:00:00+00:00,30.594880952380947
2019-06-01 00:00:00+00:00,32.39075641620285
2019-06-02 00:00:00+00:00,27.985737734487728
2019-06-03 00:00:00+00:00,31.308486868311117
2019-06-04 00:00:00+00:00,25.03378568191069
2019-06-05 00:00:00+00:00,18.00346103919591
2019-06-06 00:00:00+00:00,19.011711399711412
2019-06-07 00:00:00+00:00,34.534378821162306
2019-06-08 00:00:00+00:00,28.928589466089466
2019-06-09 00:00:00+00:00,28.271535443722936
2019-06-10 00:00:00+00:00,24.209298791486287
2019-06-11 00:00:00+00:00,28.991668470418464
2019-06-12 00:00:00+00:00,24.94261544011543
2019-06-13 00:00:00+00:00,23.50808464105339
2019-06-14 00:00:00+00:00,29.791875000000005
2019-06-15 00:00:00+00:00,31.79703908128908
2019-06-16 00:00:00+00:00,31.30445496632996
2019-06-17 00:00:00+00:00,36.687154130591615
2019-06-18 00:00:00+00:00,29.680979211760462
2019-06-19 00:00:00+00:00,28.176731472892182
2019-06-20 00:00:00+00:00,29.007407830161732
2019-06-21 00:00:00+00:00,21.69193026137223
2019-06-22 00:00:00+00:00,21.851372594997606
2019-06-23 00:00:00+00:00,26.492663600288605
2019-06-24 00:00:00+00:00,29.636940364529657
2019-06-25 00:00:00+00:00,21.94441732804233
2019-06-26 00:00:00+00:00,21.761317866161622
2019-06-27 00:00:00+00:00,21.291991582491587
2019-06-28 00:00:00+00:00,20.74758178260784
2019-06-29 00:00:00+00:00,22.261955567580568
2019-06-30 00:00:00+00:00,25.594714105339094
2019-07-01 00:00:00+00:00,16.57900057118807
2019-07-02 00:00:00+00:00,18.323472898629152
2019-07-03 00:00:00+00:00,20.414036946849446
2019-07-04 00:00:00+00:00,21.437939454064452
2019-07-05 00:00:00+00:00,23.943795093795085
2019-07-06 00:00:00+00:00,21.52375676406925
2019-07-07 00:00:00+00:00,23.20594454590549
2019-07-08 00:00:00+00:00,28.908715428090428
2019-07-09 00:00:00+00:00,19.892338939995195
2019-07-10 00:00:00+00:00,20.82298776455027
2019-07-11 00:00:00+00:00,19.905047228234718
2019-07-12 00:00:00+00:00,20.111979053932174
2019-07-13 00:00:00+00:00,27.725808231120737
2019-07-14 00:00:00+00:00,29.21051046176048
2019-07-15 00:00:00+00:00,24.84479853595479
2019-07-16 00:00:00+00:00,20.378474552068297
2019-07-17 00:00:00+00:00,21.837851010101023
2019-07-18 00:00:00+00:00,21.259510131072627
2019-07-19 00:00:00+00:00,10.676177489177489
2019-07-20 00:00:00+00:00,9.750840848965847
2019-07-21 00:00:00+00:00,5.357826103294854
2019-07-22 00:00:00+00:00,10.798073142135646
2019-07-23 00:00:00+00:00,20.287459726946338
2019-07-24 00:00:00+00:00,21.741805555555555
2019-07-25 00:00:00+00:00,19.958293945637703
2019-07-26 00:00:00+00:00,18.749913059163067
2019-07-27 00:00:00+00:00,24.26305405242905
2019-07-28 00:00:00+00:00,26.10432148869649
2019-07-29 00:00:00+00:00,24.022895923520924
2019-07-30 00:00:00+00:00,23.79654085497836
2019-07-31 00:00:00+00:00,25.028913840788842
2019-08-01 00:00:00+00:00,18.67931842607625
2019-08-02 00:00:00+00:00,21.520294552669547
2019-08-03 00:00:00+00:00,24.052826892436265
2019-08-04 00:00:00+00:00,25.382397787397775
2019-08-05 00:00:00+00:00,23.87257999209785
2019-08-06 00:00:00+00:00,19.97156597222222
2019-08-07 00:00:00+00:00,22.10903228715729
2019-08-08 00:00:00+00:00,25.915325877825875
2019-08-09 00:00:00+00:00,27.350708874458885
2019-08-10 00:00:00+00:00,31.05430483405485
2019-08-11 00:00:00+00:00,27.636571969696966
2019-08-12 00:00:00+00:00,22.271871875644212
2019-08-13 00:00:00+00:00,32.34685200216451
2019-08-14 00:00:00+00:00,21.50135582869512
2019-08-15 00:00:00+00:00,21.560987403799906
2019-08-16 00:00:00+00:00,21.585320316257825
2019-08-17 00:00:00+00:00,21.692922077922088
2019-08-18 00:00:00+00:00,23.106917642542637
2019-08-19 00:00:00+00:00,24.79342179447537
2019-08-20 00:00:00+00:00,24.488915794853305
2019-08-21 00:00:00+00:00,23.21412878787879
2019-08-22 00:00:00+00:00,18.22080200883772
2019-08-23 00:00:00+00:00,28.880165043290035
2019-08-24 00:00:00+00:00,23.047590187590195
2019-08-25 00:00:00+00:00,22.738965387291284
2019-08-26 00:00:00+00:00,9.451438131313127
2019-08-27 00:00:00+00:00,28.648401875901875
2019-08-28 00:00:00+00:00,21.643407587782587
2019-08-29 00:00:00+00:00,29.4229806998557
2019-08-30 00:00:00+00:00,16.231654641654643
2019-08-31 00:00:00+00:00,23.65101055194805
2019-09-01 00:00:00+00:00,20.733002494653167
2019-09-02 00:00:00+00:00,21.82082269871332
2019-09-03 00:00:00+00:00,26.81908730158729
2019-09-04 00:00:00+00:00,23.53791679819023
2019-09-05 00:00:00+00:00,26.012439160954777
2019-09-06 00:00:00+00:00,27.749164862914878
2019-09-07 00:00:00+00:00,27.072009379509385
2019-09-08 00:00:00+00:00,24.109965127465127
2019-09-09 00:00:00+00:00,26.012850153318904
2019-09-10 00:00:00+00:00,22.071482683982676
2019-09-11 00:00:00+00:00,15.998637415824918
2019-09-12 00:00:00+00:00,24.897743281024532
2019-09-13 00:00:00+00:00,27.473630501443008
2019-09-14 00:00:00+00:00,29.55953463203464
2019-09-15 00:00:00+00:00,24.95085227272728
2019-09-16 00:00:00+00:00,19.091571322196323
2019-09-17 00:00:00+00:00,20.136241818697187
2019-09-18 00:00:00+00:00,25.998998857623853
2019-09-19 00:00:00+00:00,21.884564788510104
2019-09-20 00:00:00+00:00,15.365027958152952
2019-09-21 00:00:00+00:00,15.660121933621935
2019-09-22 00:00:00+00:00,27.130443211880714
2019-09-23 00:00:00+00:00,21.839834226619946
2019-09-24 00:00:00+00:00,24.158920454545463
2019-09-25 00:00:00+00:00,20.49449013949014
2019-09-26 00:00:00+00:00,22.974416110509853
2019-09-27 00:00:00+00:00,18.087248720195134
2019-09-28 00:00:00+00:00,19.072163750601245
2019-09-29 00:00:00+00:00,14.707904754389135
2019-09-30 00:00:00+00:00,21.16645397426649
2019-10-01 00:00:00+00:00,22.227089345839342
2019-10-02 00:00:00+00:00,23.122953668407074
2019-10-03 00:00:00+00:00,24.05859893578645
2019-10-04 00:00:00+00:00,17.220804586038962
2019-10-05 00:00:00+00:00,24.881899666305923
2019-10-06 00:00:00+00:00,20.978969757094763
2019-10-07 00:00:00+00:00,23.435839285714287
2019-10-08 00:00:00+00:00,24.629336219336214
2019-10-09 00:00:00+00:00,30.510859281054586
2019-10-10 00:00:00+00:00,23.707733698593067
2019-10-11 00:00:00+00:00,17.781542658730167
2019-10-12 00:00:00+00:00,25.812341768020328
2019-10-13 00:00:00+00:00,20.12120821308321
2019-10-14 00:00:00+00:00,22.08749759969487
2019-10-15 00:00:00+00:00,26.98327486171237
2019-10-16 00:00:00+00:00,18.592486321548826
2019-10-17 00:00:00+00:00,21.692689393939396
2019-10-18 00:00:00+00:00,20.396419552669553
2019-10-19 00:00:00+00:00,16.491880681047345
2019-10-20 00:00:00+00:00,22.495613275613273
2019-10-21 00:00:00+00:00,19.60642609126985
2019-10-22 00:00:00+00:00,33.894818422318416
2019-10-23 00:00:00+00:00,20.486333273208267
2019-10-24 00:00:00+00:00,29.020835137085143
2019-10-25 00:00:00+00:00,18.79276049182299
2019-10-26 00:00:00+00:00,21.829589947089964
2019-10-27 00:00:00+00:00,23.15675595238095
2019-10-28 00:00:00+00:00,22.271751443001452
2019-10-29 00:00:00+00:00,22.127802509577066
2019-10-30 00:00:00+00:00,32.82127526755652
2019-10-31 00:00:00+00:00,29.48620804129732
2019-11-01 00:00:00+00:00,21.56827561327561
2019-11-02 00:00:00+00:00,16.959347602835322
2019-11-03 00:00:00+00:00,21.15068602693602
2019-11-04 00:00:00+00:00,24.26813702501203
2019-11-05 00:00:00+00:00,31.448619678932193
2019-11-06 00:00:00+00:00,20.473306577681566
2019-11-07 00:00:00+00:00,23.19832160894661
2019-11-08 00:00:00+00:00,26.646796536796533
2019-11-09 00:00:00+00:00,21.26141143578643
2019-11-10 00:00:00+00:00,26.842324134199142
2019-11-11 00:00:00+00:00,18.89935418052361
2019-11-12 00:00:00+00:00,22.22352389971141
2019-11-13 00:00:00+00:00,15.306659451659455
2019-11-14 00:00:00+00:00,18.89264886320689
2019-11-15 00:00:00+00:00,21.097539390503677
2019-11-16 00:00:00+00:00,21.076820586820592
2019-11-17 00:00:00+00:00,21.63204327501202
2019-11-18 00:00:00+00:00,19.679813011063008
2019-11-19 00:00:00+00:00,21.340706134143637
2019-11-20 00:00:00+00:00,31.19100762085137
2019-11-21 00:00:00+00:00,19.65990045544733
2019-11-22 00:00:00+00:00,27.681664201539196
2019-11-23 00:00:00+00:00,30.143720779220782
2019-11-24 00:00:00+00:00,15.678911027794955
2019-11-25 00:00:00+00:00,28.878340548340553
2019-11-26 00:00:00+00:00,39.61405137686386
2019-11-27 00:00:00+00:00,22.12085888648388
2019-11-28 00:00:00+00:00,26.78546836199515
2019-11-29 00:00:00+00:00,23.08248230068542
2019-11-30 00:00:00+00:00,22.52854587542087
2019-12-01 00:00:00+00:00,21.439256703944203
2019-12-02 00:00:00+00:00,24.868609607984627
2019-12-03 00:00:00+00:00,28.095408036378004
2019-12-04 00:00:00+00:00,24.198196248196254
2019-12-05 00:00:00+00:00,18.26376352813853
2019-12-06 00:00:00+00:00,12.511347660947267
2019-12-07 00:00:00+00:00,15.650543903318901
2019-12-08 00:00:00+00:00,15.431205131673883
2019-12-09 00:00:00+00:00,21.822297528860034
2019-12-10 00:00:00+00:00,17.293325441919198
2019-12-11 00:00:00+00:00,25.323846801346804
2019-12-12 00:00:00+00:00,21.68300569800569
2019-12-13 00:00:00+00:00,19.945742372706665
2019-12-14 00:00:00+00:00,18.591793849173307
2019-12-15 00:00:00+00:00,13.734407467532467
2019-12-16 00:00:00+00:00,22.890722440175573
2019-12-17 00:00:00+00:00,19.92952839405964
2019-12-18 00:00:00+00:00,23.124290637025016
2019-12-19 00:00:00+00:00,33.19284776334777
2019-12-20 00:00:00+00:00,20.907441810215236
2019-12-21 00:00:00+00:00,16.813986141173643
2019-12-22 00:00:00+00:00,26.44311061392311
2019-12-23 00:00:00+00:00,19.41572871572872
2019-12-24 00:00:00+00:00,20.28312969727032
2019-12-25 00:00:00+00:00,19.5603739217132
2019-12-26 00:00:00+00:00,21.111668642204357
2019-12-27 00:00:00+00:00,21.85633838383839
2019-12-28 00:00:00+00:00,18.478671536796533
2019-12-29 00:00:00+00:00,25.193952350889845
2019-12-30 00:00:00+00:00,18.92013062169312
2020-01-02 00:00:00+00:00,15.189222222222226
2020-01-03 00:00:00+00:00,25.243272343975462
2020-01-04 00:00:00+00:00,15.441044259559884
2020-01-05 00:00:00+00:00,14.907492108585858
2020-01-06 00:00:00+00:00,16.4614365165258
2020-01-07 00:00:00+00:00,20.49559623015874
2020-01-08 00:00:00+00:00,25.28792164845736
2020-01-09 00:00:00+00:00,20.571823142135642
2020-01-10 00:00:00+00:00,20.3316109006734
2020-01-11 00:00:00+00:00,17.150325104789385
2020-01-12 00:00:00+00:00,19.998074065484776
2020-01-13 00:00:00+00:00,21.515927622311548
2020-01-14 00:00:00+00:00,29.711157557720064
2020-01-15 00:00:00+00:00,20.824073688897897
2020-01-16 00:00:00+00:00,27.384700236106486
2020-01-17 00:00:00+00:00,29.134406265031263
2020-01-18 00:00:00+00:00,8.203999647838932
2020-01-19 00:00:00+00:00,14.968181818181824
2020-01-20 00:00:00+00:00,14.349093915343914
2020-01-21 00:00:00+00:00,16.326428571428572
2020-01-22 00:00:00+00:00,11.863970208032713
2020-01-23 00:00:00+00:00,17.536142805607085
2020-01-24 00:00:00+00:00,16.21306559644059
2020-01-25 00:00:00+00:00,13.296723570741428
2020-01-26 00:00:00+00:00,14.746103896103895
2020-01-27 00:00:00+00:00,24.806298881673875
2020-01-28 00:00:00+00:00,21.625827771765266
2020-01-29 00:00:00+00:00,18.59995411706349
2020-01-30 00:00:00+00:00,20.665309343434338
2020-01-31 00:00:00+00:00,30.465752916065426
2020-02-01 00:00:00+00:00,20.450063011063012
2020-02-02 00:00:00+00:00,24.66010972823473
2020-02-03 00:00:00+00:00,19.433058561808558
2020-02-04 00:00:00+00:00,29.731417406017016
2020-02-05 00:00:00+00:00,27.743468822843838
2020-02-06 00:00:00+00:00,27.386392195767197
2020-02-07 00:00:00+00:00,38.747492656757295
2020-02-08 00:00:00+00:00,24.052266530751144
2020-02-09 00:00:00+00:00,23.50925039081289
2020-02-10 00:00:00+00:00,32.78144999098123
2020-02-11 00:00:00+00:00,19.001360157699448
2020-02-12 00:00:00+00:00,16.594292113309976
2020-02-13 00:00:00+00:00,21.656173641173638
2020-02-14 00:00:00+00:00,28.19230434929655
2020-02-15 00:00:00+00:00,25.245800286023517
2020-02-16 00:00:00+00:00,29.38041666666667
2020-02-17 00:00:00+00:00,21.75738126803752
2020-02-18 00:00:00+00:00,21.731451131990905
2020-02-19 00:00:00+00:00,31.064495550745548
2020-02-20 00:00:00+00:00,16.96280651661706
2020-02-21 00:00:00+00:00,22.684241825417885
2020-02-22 00:00:00+00:00,18.253384345689035
2020-02-23 00:00:00+00:00,21.588656814746102
2020-02-24 00:00:00+00:00,22.81038162234592
2020-02-25 00:00:00+00:00,26.834215995050968
2020-02-26 00:00:00+00:00,19.111087756283066
2020-02-27 00:00:00+00:00,16.717483852126712
2020-02-28 00:00:00+00:00,19.435546837421835
2020-02-29 00:00:00+00:00,18.634049001923994
2020-03-01 00:00:00+00:00,22.128346861471854
2020-03-02 00:00:00+00:00,22.95502335627336
2020-03-03 00:00:00+00:00,28.187957192608977
2020-03-04 00:00:00+00:00,28.080441558441557
2020-03-05 00:00:00+00:00,21.633199404761896
2020-03-06 00:00:00+00:00,22.11675698309627
2020-03-07 00:00:00+00:00,26.486384018759022
2020-03-08 00:00:00+00:00,21.13139029180697
2020-03-09 00:00:00+00:00,25.27998273551844
2020-03-10 00:00:00+00:00,16.659088326025824
2020-03-11 00:00:00+00:00,11.06995752164502
2020-03-12 00:00:00+00:00,5.393158309283309
2020-03-13 00:00:00+00:00,14.716002886002883
2020-03-14 00:00:00+00:00,10.890163593846635
2020-03-15 00:00:00+00:00,16.706620883938605
2020-03-16 00:00:00+00:00,21.89972930839001
2020-03-17 00:00:00+00:00,17.147246212121214
2020-03-18 00:00:00+00:00,15.684534722222233
2020-03-19 00:00:00+00:00,17.603931277056283
2020-03-20 00:00:00+00:00,7.969794973544972
2020-03-21 00:00:00+00:00,23.338630651755658
2020-03-22 00:00:00+00:00,19.00413413900913
2020-03-23 00:00:00+00:00,14.922273328523323
2020-03-24 00:00:00+00:00,23.54363669002955
2020-03-25 00:00:00+00:00,11.654947089947088
2020-03-26 00:00:00+00:00,20.331040313852817
2020-03-27 00:00:00+00:00,15.505650718494476
2020-03-28 00:00:00+00:00,17.880806727994234
2020-03-29 00:00:00+00:00,6.244761998707312
2020-03-30 00:00:00+00:00,19.26856002485171
2020-03-31 00:00:00+00:00,18.07889673157531
2020-04-01 00:00:00+00:00,23.63796333296334
2020-04-02 00:00:00+00:00,18.52841057524652
2020-04-03 00:00:00+00:00,13.398981331168835
2020-04-04 00:00:00+00:00,14.687828595016097
2020-04-05 00:00:00+00:00,19.500071210618078
2020-04-06 00:00:00+00:00,26.026553180615693
2020-04-07 00:00:00+00:00,16.573379268879258
2020-04-08 00:00:00+00:00,23.018653073236074
2020-04-09 00:00:00+00:00,27.781741447210198
2020-04-10 00:00:00+00:00,10.14576707551708
2020-04-11 00:00:00+00:00,21.66840127465127
2020-04-12 00:00:00+00:00,22.129925031565676
2020-04-13 00:00:00+00:00,18.97827215608466
2020-04-14 00:00:00+00:00,19.15667493386243
2020-04-15 00:00:00+00:00,19.773171446608952
2020-04-16 00:00:00+00:00,18.419366406947887
2020-04-17 00:00:00+00:00,16.848958032708033
2020-04-18 00:00:00+00:00,26.703678300865807
2020-04-19 00:00:00+00:00,20.312353795510045
2020-04-20 00:00:00+00:00,23.170322570947572
2020-04-21 00:00:00+00:00,28.30831493506491
2020-04-22 00:00:00+00:00,18.712500840811398
2020-04-23 00:00:00+00:00,21.98059824434824
2020-04-24 00:00:00+00:00,27.12032928479217
2020-04-25 00:00:00+00:00,28.86652743957432
2020-04-26 00:00:00+00:00,27.952944624819626
2020-04-27 00:00:00+00:00,25.998028032235627
2020-04-28 00:00:00+00:00,15.743558670785234
2020-04-29 00:00:00+00:00,26.29912787580311
2020-04-30 00:00:00+00:00,24.04538662726164
2020-05-01 00:00:00+00:00,19.315526824366106
2020-05-02 00:00:00+00:00,29.77246076839828
2020-05-03 00:00:00+00:00,18.082552308802303
2020-05-04 00:00:00+00:00,54.080567109188756
2020-05-05 00:00:00+00:00,27.530290554353066
2020-05-06 00:00:00+00:00,21.271164463512683
2020-05-07 00:00:00+00:00,24.586285098003845
2020-05-08 00:00:00+00:00,20.376905363155373
2020-05-09 00:00:00+00:00,15.384530348124096
2020-05-10 00:00:00+00:00,23.581576554232804
2020-05-11 00:00:00+00:00,27.256975108225088
2020-05-12 00:00:00+00:00,19.260592491473176
2020-05-13 00:00:00+00:00,29.78506283068784
2020-05-14 00:00:00+00:00,18.88928501282669
2020-05-15 00:00:00+00:00,23.01338223504891
2020-05-16 00:00:00+00:00,19.533393232924485
2020-05-17 00:00:00+00:00,11.979718163780664
2020-05-18 00:00:00+00:00,23.990638528138533
2020-05-19 00:00:00+00:00,19.917814093314085
2020-05-20 00:00:00+00:00,13.612232255591627
2020-05-21 00:00:00+00:00,18.338476639101643
2020-05-22 00:00:00+00:00,37.155251116071454
2020-05-23 00:00:00+00:00,13.516168229918227
2020-05-24 00:00:00+00:00,24.64409145397425
2020-05-25 00:00:00+00:00,35.45850151171581
2020-05-26 00:00:00+00:00,29.458563912938907
2020-05-27 00:00:00+00:00,21.842350288600286
2020-05-28 00:00:00+00:00,21.384522880806355
2020-05-29 00:00:00+00:00,22.33832025613276
2020-05-30 00:00:00+00:00,22.53659874682197
2020-05-31 00:00:00+00:00,17.194796626984125
2020-06-01 00:00:00+00:00,18.468074119167877
2020-06-02 00:00:00+00:00,18.79354948292448
2020-06-03 00:00:00+00:00,18.055081349206354
2020-06-04 00:00:00+00:00,6.805015933140933
2020-06-05 00:00:00+00:00,20.27689183501684
2020-06-06 00:00:00+00:00,19.820174302549308
2020-06-07 00:00:00+00:00,16.65557683982684
2020-06-08 00:00:00+00:00,23.969959565897067
2020-06-09 00:00:00+00:00,20.634388528138526
2020-06-10 00:00:00+00:00,27.537964355233893
2020-06-11 00:00:00+00:00,25.699019059644066
2020-06-12 00:00:00+00:00,24.47137103174603
2020-06-13 00:00:00+00:00,22.654572755080558
2020-06-14 00:00:00+00:00,20.396522065897077
2020-06-15 00:00:00+00:00,12.454916426166426
2020-06-16 00:00:00+00:00,20.52400601250601
2020-06-17 00:00:00+00:00,22.28894690957191
2020-06-18 00:00:00+00:00,21.87297925454175
2020-06-19 00:00:00+00:00,22.182631974506975
2020-06-20 00:00:00+00:00,22.890444549663304
2020-06-21 00:00:00+00:00,26.029663600288604
2020-06-22 00:00:00+00:00,25.782104677729677
2020-06-23 00:00:00+00:00,16.957199226534044
2020-06-24 00:00:00+00:00,22.935528799903803
2020-06-25 00:00:00+00:00,23.29418996512747
2020-06-26 00:00:00+00:00,17.831670990839516
2020-06-27 00:00:00+00:00,23.552539682539678
2020-06-28 00:00:00+00:00,28.77688529641655
2020-06-29 00:00:00+00:00,22.12836534992785
2020-06-30 00:00:00+00:00,20.333791486291478
2020-07-01 00:00:00+00:00,25.021044200508484
2020-07-02 00:00:00+00:00,14.858623286435789
2020-07-03 00:00:00+00:00,20.005991311928824
2020-07-04 00:00:00+00:00,24.674596844128104
2020-07-05 00:00:00+00:00,16.789069504569508
2020-07-06 00:00:00+00:00,15.123930248570876
2020-07-07 00:00:00+00:00,21.0291750841751
2020-07-08 00:00:00+00:00,20.403251149891773
2020-07-09 00:00:00+00:00,22.482485119047624
2020-07-10 00:00:00+00:00,22.82263004549464
2020-07-11 00:00:00+00:00,15.834677196067815
2020-07-12 00:00:00+00:00,18.366950543669287
2020-07-13 00:00:00+00:00,26.939405438311702
2020-07-14 00:00:00+00:00,25.8512932900433
2020-07-15 00:00:00+00:00,16.421937379749885
2020-07-16 00:00:00+00:00,14.305187074829936
2020-07-17 00:00:00+00:00,28.448826328763822
2020-07-18 00:00:00+00:00,37.94664844125784
2020-07-19 00:00:00+00:00,31.40374842171717
2020-07-20 00:00:00+00:00,16.763236907768164
2020-07-21 00:00:00+00:00,19.974027326839828
2020-07-22 00:00:00+00:00,21.583655581108708
2020-07-23 00:00:00+00:00,18.2087074037074
2020-07-24 00:00:00+00:00,22.384390782828287
2020-07-25 00:00:00+00:00,12.253025733525734
2020-07-26 00:00:00+00:00,23.864934914622413
2020-07-27 00:00:00+00:00,27.279180993341154
2020-07-28 00:00:00+00:00,25.30990043290044
2020-07-29 00:00:00+00:00,21.277710588023094
2020-07-30 00:00:00+00:00,23.782148042929297
2020-07-31 00:00:00+00:00,16.344959003298296
2020-08-01 00:00:00+00:00,21.541425114237615
2020-08-02 00:00:00+00:00,28.76512866762866
2020-08-03 00:00:00+00:00,11.281372429653684
2020-08-04 00:00:00+00:00,22.178886784511782
2020-08-05 00:00:00+00:00,20.27945952485015
2020-08-06 00:00:00+00:00,12.464681517556516
2020-08-07 00:00:00+00:00,33.5487625511063
2020-08-08 00:00:00+00:00,69.31112073112064
2020-08-09 00:00:00+00:00,42.845621392496426
2020-08-10 00:00:00+00:00,29.555986934072862
2020-08-11 00:00:00+00:00,36.200595689033214
2020-08-12 00:00:00+00:00,19.839820913213767
2020-08-13 00:00:00+00:00,22.17767117604617
2020-08-14 00:00:00+00:00,23.195652850786782
2020-08-15 00:00:00+00:00,18.926040313852827
2020-08-16 00:00:00+00:00,33.9035790300969
2020-08-17 00:00:00+00:00,22.334708565244277
2020-08-18 00:00:00+00:00,26.117928992303987
2020-08-19 00:00:00+00:00,19.731640963203464
2020-08-20 00:00:00+00:00,34.85090424875638
2020-08-21 00:00:00+00:00,18.228602543290037
2020-08-22 00:00:00+00:00,49.64159632034632
2020-08-23 00:00:00+00:00,24.106551406926428
2020-08-24 00:00:00+00:00,28.39138588263588
2020-08-25 00:00:00+00:00,25.92977302789804
2020-08-26 00:00:00+00:00,30.12024936868688
2020-08-27 00:00:00+00:00,18.517414176844987
2020-08-28 00:00:00+00:00,27.43469678932179
2020-08-29 00:00:00+00:00,22.936817460317467
2020-08-30 00:00:00+00:00,17.976958423520927
2020-08-31 00:00:00+00:00,22.352924088353788
2020-09-01 00:00:00+00:00,18.434374864718613
2020-09-02 00:00:00+00:00,20.15824033250149
2020-09-03 00:00:00+00:00,17.833581859608646
2020-09-04 00:00:00+00:00,16.43911285473785
2020-09-05 00:00:00+00:00,22.147349048520926
2020-09-06 00:00:00+00:00,22.488245129870137
2020-09-07 00:00:00+00:00,21.4720214045214
2020-09-08 00:00:00+00:00,29.6274001924002
2020-09-09 00:00:00+00:00,29.712195391414145
2020-09-10 00:00:00+00:00,25.760241602533263
2020-09-11 00:00:00+00:00,27.923817941317953
2020-09-12 00:00:00+00:00,41.20969107744108
2020-09-13 00:00:00+00:00,33.10599304673141
2020-09-14 00:00:00+00:00,36.525695727883246
2020-09-15 00:00:00+00:00,20.081130197927074
2020-09-16 00:00:00+00:00,17.495176917989422
2020-09-17 00:00:00+00:00,27.193040674603186
2020-09-18 00:00:00+00:00,18.89300743671837
2020-09-19 00:00:00+00:00,21.365561248647193
2020-09-20 00:00:00+00:00,17.6462923881674
2020-09-21 00:00:00+00:00,12.328258477633476
2020-09-22 00:00:00+00:00,27.976479978354988
2020-09-23 00:00:00+00:00,25.38806646825397
2020-09-24 00:00:00+00:00,22.64994834866876
2020-09-25 00:00:00+00:00,28.579844426406932
2020-09-26 00:00:00+00:00,35.507717803030296
2020-09-27 00:00:00+00:00,51.612847673160154
2020-09-28 00:00:00+00:00,27.49619705988457
2020-09-29 00:00:00+00:00,27.702008966149613
2020-09-30 00:00:00+00:00,90.33590610778096
2020-10-01 00:00:00+00:00,87.2174356661856
2020-10-02 00:00:00+00:00,105.39661796536774
2020-10-03 00:00:00+00:00,63.09710137085146
2020-10-04 00:00:00+00:00,43.06991015598164
2020-10-05 00:00:00+00:00,46.62213023088027
2020-10-06 00:00:00+00:00,44.85907715548343
2020-10-07 00:00:00+00:00,47.93698575895011
2020-10-08 00:00:00+00:00,72.63311120129875
2020-10-09 00:00:00+00:00,46.599269480519524
2020-10-10 00:00:00+00:00,50.538172198172276
2020-10-11 00:00:00+00:00,46.524771267092746
2020-10-12 00:00:00+00:00,39.88885792448296
2020-10-13 00:00:00+00:00,47.614646645021665
2020-10-14 00:00:00+00:00,21.29006930569432
2020-10-15 00:00:00+00:00,36.7298003848004
2020-10-16 00:00:00+00:00,44.37296685230281
2020-10-17 00:00:00+00:00,39.97488816738819
2020-10-18 00:00:00+00:00,55.957157061688356
2020-10-19 00:00:00+00:00,42.88877713143339
2020-10-20 00:00:00+00:00,31.713540181255606
2020-10-21 00:00:00+00:00,63.00218704906206
2020-10-22 00:00:00+00:00,46.79757756132758
2020-10-23 00:00:00+00:00,47.92136453823957
2020-10-24 00:00:00+00:00,39.66025396825396
2020-10-25 00:00:00+00:00,32.65510702260704
2020-10-26 00:00:00+00:00,41.807312289562304
2020-10-27 00:00:00+00:00,27.150622038840808
2020-10-28 00:00:00+00:00,39.280483585858605
2020-10-29 00:00:00+00:00,54.947560125060136
2020-10-30 00:00:00+00:00,39.25721795334296
2020-10-31 00:00:00+00:00,55.69394367784997
2020-11-01 00:00:00+00:00,50.20074477500618
2020-11-02 00:00:00+00:00,44.25964774230402
2020-11-03 00:00:00+00:00,27.759444911587988
2020-11-04 00:00:00+00:00,67.04281802398992
2020-11-05 00:00:00+00:00,37.28019058704606
2020-11-06 00:00:00+00:00,62.35443667829085
2020-11-07 00:00:00+00:00,29.36083735956507
2020-11-08 00:00:00+00:00,24.954918229918256
2020-11-09 00:00:00+00:00,39.09030913299664
2020-11-10 00:00:00+00:00,53.377242084965324
2020-11-11 00:00:00+00:00,25.97952283249159
2020-11-12 00:00:00+00:00,45.157504818594134
2020-11-13 00:00:00+00:00,31.90975524376417
2020-11-14 00:00:00+00:00,35.48190118908872
2020-11-15 00:00:00+00:00,73.42343974824777
2020-11-16 00:00:00+00:00,37.438352257696025
2020-11-17 00:00:00+00:00,27.80939406823336
2020-11-18 00:00:00+00:00,30.192172769360266
2020-11-19 00:00:00+00:00,19.42068686868688
2020-11-20 00:00:00+00:00,25.627117078523327
2020-11-21 00:00:00+00:00,73.61676692520444
2020-11-22 00:00:00+00:00,30.333222531436814
2020-11-23 00:00:00+00:00,23.618651154401146
2020-11-24 00:00:00+00:00,16.43309482580911
2020-11-25 00:00:00+00:00,30.811760912698407
2020-11-26 00:00:00+00:00,23.81126001082252
2020-11-27 00:00:00+00:00,29.77975949975951
2020-11-28 00:00:00+00:00,27.153668788222355
2020-11-29 00:00:00+00:00,22.15340244101963
2020-11-30 00:00:00+00:00,24.891980369167882
2020-12-01 00:00:00+00:00,23.704097861050997
2020-12-02 00:00:00+00:00,25.63462513850239
2020-12-03 00:00:00+00:00,24.726743015472177
2020-12-04 00:00:00+00:00,25.90433621933622
2020-12-05 00:00:00+00:00,21.739924860853424
2020-12-06 00:00:00+00:00,19.040343253968253
2020-12-07 00:00:00+00:00,45.4050974025974
2020-12-08 00:00:00+00:00,15.62246835110239
2020-12-09 00:00:00+00:00,18.3255091089466
2020-12-10 00:00:00+00:00,38.0849086963384
2020-12-11 00:00:00+00:00,38.66252121555693
2020-12-12 00:00:00+00:00,28.688320105820107
2020-12-13 00:00:00+00:00,17.598929755140702
2020-12-14 00:00:00+00:00,22.38863594276094
2020-12-15 00:00:00+00:00,32.03899350649349
2020-12-16 00:00:00+00:00,23.89458486652236
2020-12-17 00:00:00+00:00,24.30894363275613
2020-12-18 00:00:00+00:00,19.46478463203463
2020-12-19 00:00:00+00:00,35.428113606301096
2020-12-20 00:00:00+00:00,28.43409430615681
2020-12-21 00:00:00+00:00,26.27204239460937
2020-12-22 00:00:00+00:00,24.49781498015873
2020-12-23 00:00:00+00:00,27.792828282828268
2020-12-24 00:00:00+00:00,16.716811696900976
2020-12-25 00:00:00+00:00,24.92378043831169
2020-12-26 00:00:00+00:00,32.200170003607546
2020-12-27 00:00:00+00:00,27.537824013949038
2020-12-28 00:00:00+00:00,23.384462406806172
2020-12-29 00:00:00+00:00,28.02067051681784
2020-12-30 00:00:00+00:00,24.554741387085127
2020-12-31 00:00:00+00:00,40.216677343262695
2021-01-01 00:00:00+00:00,20.75811302196069
2021-01-02 00:00:00+00:00,23.39656918891293
2021-01-03 00:00:00+00:00,24.67832068358436
2021-01-04 00:00:00+00:00,32.659411075036076
2021-01-05 00:00:00+00:00,30.321076689514246
2021-01-06 00:00:00+00:00,11.448164231601734
2021-01-07 00:00:00+00:00,25.132300760582012
2021-01-08 00:00:00+00:00,23.23827096861473
2021-01-09 00:00:00+00:00,23.74467343825154
2021-01-10 00:00:00+00:00,6.022649651274652
2021-01-11 00:00:00+00:00,18.885584415584397
2021-01-12 00:00:00+00:00,18.167291360673076
2021-01-13 00:00:00+00:00,16.895503177378195
2021-01-14 00:00:00+00:00,31.7089748677249
2021-01-15 00:00:00+00:00,29.976254223785467
2021-01-16 00:00:00+00:00,23.64396201599327
2021-01-17 00:00:00+00:00,26.79468028499279
2021-01-18 00:00:00+00:00,14.553912675865796
2021-01-19 00:00:00+00:00,26.57883041726791
2021-01-20 00:00:00+00:00,12.030850055615685
2021-01-21 00:00:00+00:00,30.0791436453448
2021-01-22 00:00:00+00:00,27.52808997715249
2021-01-23 00:00:00+00:00,25.63743055555555
2021-01-24 00:00:00+00:00,21.813271930615677
